0,29,248.36
1,35,236.6
2,40,228.54
3,45,221.62
4,51,214.46
5,56,209.23
6,62,203.66
7,67,199.49
8,73,194.96
9,78,191.52
10,83,188.33
11,89,184.79
12,95,181.53
13,100,179
14,105,176.61
15,111,173.93
16,116,171.81
17,122,169.42
18,128,167.16
19,134,165.03
20,139,163.34
21,144,161.72
22,149,160.16
23,155,158.37
24,161,156.67
25,167,155.04
26,173,153.47
27,178,152.22
28,183,151.01
29,188,149.83
30,194,148.47
31,200,147.16
32,206,145.9
33,212,144.67
34,217,143.68
35,222,142.72
36,228,141.6
37,233,140.7
38,238,139.81
39,244,138.78
40,249,137.94
41,254,137.12
42,259,136.33
43,265,135.39
44,271,134.48
45,276,133.74
46,281,133.01
47,287,132.17
48,293,131.34
49,298,130.66
50,304,129.87
51,310,129.09
52,316,128.33
53,322,127.59
54,328,126.87
55,334,126.16
56,339,125.58
57,344,125.01
58,349,124.45
59,354,123.9
60,359,123.36
61,364,122.83
62,370,122.2
63,376,121.58
64,382,120.98
65,387,120.48
66,392,120
67,397,119.52
68,402,119.04
69,407,118.58
70,412,118.12
71,417,117.66
72,422,117.22
73,427,116.78
74,432,116.34
75,437,115.91
76,442,115.49
77,447,115.07
78,452,114.66
79,456,114.34
80,461,113.93
81,466,113.54
82,471,113.14
83,476,112.76
84,481,112.37
85,486,112
86,491,111.62
87,496,111.25
88,501,110.89
89,506,110.53
90,511,110.17
91,516,109.82
92,522,109.4
93,528,108.99
94,534,108.58
95,540,108.18
96,545,107.85
97,550,107.53
98,554,107.27
99,561,106.82
100,565,106.57
101,569,106.32
102,573,106.07
103,578,105.76
104,583,105.45
105,588,105.15
106,591,104.97
107,596,104.68
108,601,104.38
109,606,104.09
110,611,103.8
111,616,103.52
112,621,103.23
113,626,102.95
114,631,102.68
115,636,102.4
116,641,102.13
117,646,101.86
118,651,101.59
119,656,101.32
120,661,101.06
121,666,100.8
122,671,100.54
123,676,100.29
124,681,100.03
125,686,99.781
126,691,99.532
127,696,99.285
128,701,99.04
129,706,98.797
130,711,98.557
131,716,98.318
132,721,98.081
133,726,97.846
134,731,97.613
135,736,97.382
136,741,97.153
137,746,96.925
138,751,96.7
139,756,96.476
140,761,96.254
141,766,96.033
142,771,95.814
143,776,95.597
144,781,95.381
145,786,95.167
146,791,94.955
147,797,94.702
148,802,94.493
149,807,94.286
150,812,94.08
151,817,93.875
152,822,93.672
153,827,93.471
154,832,93.27
155,837,93.072
156,842,92.874
157,847,92.678
158,852,92.483
159,857,92.29
160,862,92.098
161,867,91.907
162,872,91.718
163,877,91.53
164,882,91.343
165,887,91.157
166,892,90.972
167,897,90.789
168,902,90.607
169,907,90.426
170,912,90.246
171,917,90.067
172,922,89.89
173,927,89.714
174,932,89.538
175,937,89.364
176,942,89.191
177,947,89.019
178,952,88.848
179,957,88.678
180,962,88.509
181,967,88.341
182,972,88.174
183,977,88.008
184,982,87.844
185,987,87.68
186,992,87.517
187,997,87.355
188,1002,87.194
189,1007,87.034
190,1012,86.874
191,1017,86.716
192,1022,86.559
193,1027,86.402
194,1032,86.247
195,1037,86.092
196,1042,85.938
197,1047,85.785
198,1052,85.633
199,1057,85.482
200,1062,85.331
201,1067,85.181
202,1072,85.033
203,1077,84.885
204,1082,84.737
205,1087,84.591
206,1092,84.445
207,1097,84.3
208,1102,84.156
209,1107,84.013
210,1112,83.87
211,1117,83.728
212,1122,83.587
213,1127,83.447
214,1132,83.307
215,1137,83.168
216,1142,83.03
217,1147,82.892
218,1161,82.511
219,1166,82.376
220,1171,82.242
221,1176,82.108
222,1181,81.975
223,1186,81.843
224,1191,81.711
225,1196,81.58
226,1201,81.45
227,1206,81.32
228,1211,81.191
229,1216,81.063
230,1221,80.935
231,1226,80.807
232,1231,80.681
233,1236,80.555
234,1241,80.429
235,1246,80.304
236,1251,80.18
237,1256,80.056
238,1261,79.933
239,1266,79.811
240,1271,79.689
241,1276,79.567
242,1281,79.446
243,1286,79.326
244,1291,79.206
245,1296,79.087
246,1301,78.968
247,1306,78.85
248,1311,78.732
249,1316,78.615
250,1321,78.498
251,1326,78.382
252,1331,78.266
253,1336,78.151
254,1341,78.037
255,1346,77.922
256,1351,77.809
257,1356,77.696
258,1361,77.583
259,1366,77.471
260,1371,77.359
261,1376,77.248
262,1381,77.137
263,1386,77.027
264,1391,76.917
265,1396,76.807
266,1401,76.698
267,1406,76.59
268,1411,76.482
269,1416,76.374
270,1421,76.267
271,1426,76.16
272,1431,76.054
273,1436,75.948
274,1441,75.843
275,1446,75.738
276,1451,75.633
277,1456,75.529
278,1461,75.425
279,1466,75.322
280,1471,75.219
281,1476,75.116
282,1481,75.014
283,1486,74.912
284,1491,74.811
285,1496,74.71
286,1501,74.61
287,1506,74.509
288,1511,74.41
289,1516,74.31
290,1521,74.211
291,1526,74.113
292,1531,74.014
293,1536,73.916
294,1541,73.819
295,1546,73.722
296,1551,73.625
297,1556,73.529
298,1561,73.432
299,1566,73.337
300,1571,73.241
301,1576,73.146
302,1581,73.052
303,1586,72.957
304,1591,72.863
305,1596,72.77
306,1601,72.676
307,1606,72.584
308,1611,72.491
309,1616,72.399
310,1621,72.307
311,1626,72.215
312,1631,72.124
313,1636,72.033
314,1641,71.942
315,1646,71.852
316,1651,71.762
317,1656,71.672
318,1661,71.583
319,1666,71.494
320,1661,71.583
321,1667,71.476
322,1672,71.387
323,1677,71.299
324,1682,71.211
325,1687,71.123
326,1692,71.035
327,1697,70.948
328,1702,70.861
329,1707,70.775
330,1712,70.688
331,1717,70.602
332,1722,70.517
333,1727,70.431
334,1732,70.346
335,1737,70.261
336,1742,70.177
337,1747,70.092
338,1752,70.008
339,1757,69.925
340,1762,69.841
341,1767,69.758
342,1772,69.675
343,1777,69.592
344,1782,69.51
345,1787,69.428
346,1792,69.346
347,1797,69.264
348,1802,69.183
349,1807,69.102
350,1812,69.021
351,1817,68.941
352,1822,68.86
353,1827,68.78
354,1832,68.701
355,1837,68.621
356,1842,68.542
357,1847,68.463
358,1852,68.384
359,1857,68.306
360,1863,68.212
361,1868,68.134
362,1873,68.056
363,1878,67.978
364,1883,67.901
365,1888,67.824
366,1893,67.747
367,1898,67.671
368,1903,67.594
369,1908,67.518
370,1914,67.427
371,1919,67.352
372,1924,67.276
373,1929,67.201
374,1934,67.126
375,1939,67.052
376,1944,66.977
377,1949,66.903
378,1954,66.829
379,1959,66.755
380,1964,66.681
381,1969,66.608
382,1974,66.535
383,1979,66.462
384,1984,66.389
385,1989,66.317
386,1994,66.244
387,1999,66.172
388,2004,66.1
389,2009,66.029
390,2014,65.957
391,2019,65.886
392,2024,65.815
393,2029,65.744
394,2034,65.673
395,2039,65.603
396,2044,65.533
397,2049,65.463
398,2054,65.393
399,2059,65.323
400,2064,65.254
401,2069,65.184
402,2074,65.115
403,2079,65.046
404,2084,64.978
405,2089,64.909
406,2094,64.841
407,2099,64.773
408,2104,64.705
409,2109,64.637
410,2114,64.569
411,2119,64.502
412,2124,64.435
413,2129,64.368
414,2134,64.301
415,2139,64.234
416,2144,64.168
417,2149,64.102
418,2154,64.035
419,2159,63.969
420,2164,63.904
421,2169,63.838
422,2174,63.773
423,2179,63.707
424,2184,63.642
425,2189,63.577
426,2194,63.513
427,2199,63.448
428,2204,63.384
429,2208,63.332
430,2213,63.268
431,2218,63.204
432,2223,63.141
433,2228,63.077
434,2233,63.014
435,2238,62.95
436,2243,62.887
437,2248,62.824
438,2253,62.762
439,2258,62.699
440,2263,62.637
441,2268,62.574
442,2273,62.512
443,2278,62.45
444,2283,62.388
445,2288,62.327
446,2293,62.265
447,2298,62.204
448,2303,62.143
449,2309,62.069
450,2314,62.009
451,2319,61.948
452,2324,61.887
453,2329,61.827
454,2334,61.767
455,2339,61.707
456,2344,61.647
457,2349,61.587
458,2354,61.527
459,2360,61.456
460,2365,61.396
461,2370,61.337
462,2375,61.278
463,2380,61.219
464,2385,61.161
465,2390,61.102
466,2395,61.043
467,2400,60.985
468,2405,60.927
469,2411,60.857
470,2416,60.799
471,2421,60.742
472,2426,60.684
473,2431,60.626
474,2436,60.569
475,2441,60.512
476,2446,60.455
477,2452,60.387
478,2457,60.33
479,2462,60.273
480,2467,60.217
481,2472,60.16
482,2477,60.104
483,2482,60.048
484,2487,59.992
485,2492,59.936
486,2497,59.88
487,2502,59.825
488,2507,59.769
489,2513,59.703
490,2518,59.648
491,2523,59.593
492,2528,59.538
493,2533,59.483
494,2539,59.417
495,2544,59.363
496,2549,59.308
497,2554,59.254
498,2560,59.189
499,2565,59.135
500,2570,59.081
501,2575,59.027
502,2580,58.974
503,2585,58.92
504,2590,58.867
505,2595,58.813
506,2600,58.76
507,2605,58.707
508,2610,58.654
509,2615,58.601
510,2620,58.549
511,2625,58.496
512,2630,58.444
513,2635,58.391
514,2640,58.339
515,2645,58.287
516,2650,58.235
517,2655,58.183
518,2660,58.131
519,2665,58.079
520,2670,58.028
521,2675,57.976
522,2680,57.925
523,2685,57.874
524,2690,57.823
525,2695,57.772
526,2700,57.721
527,2705,57.67
528,2710,57.619
529,2715,57.569
530,2720,57.518
531,2725,57.468
532,2730,57.418
533,2735,57.367
534,2740,57.317
535,2745,57.267
536,2750,57.218
537,2755,57.168
538,2760,57.118
539,2765,57.069
540,2769,57.029
541,2774,56.98
542,2779,56.931
543,2784,56.881
544,2789,56.832
545,2794,56.783
546,2799,56.735
547,2804,56.686
548,2809,56.637
549,2813,56.598
550,2817,56.56
551,2822,56.511
552,2827,56.463
553,2832,56.415
554,2837,56.367
555,2842,56.319
556,2847,56.271
557,2852,56.223
558,2857,56.175
559,2862,56.128
560,2867,56.08
561,2871,56.042
562,2876,55.995
563,2881,55.948
564,2886,55.901
565,2891,55.854
566,2896,55.807
567,2901,55.76
568,2906,55.713
569,2911,55.666
570,2916,55.62
571,2921,55.573
572,2926,55.527
573,2931,55.481
574,2936,55.434
575,2941,55.388
576,2946,55.342
577,2951,55.296
578,2956,55.25
579,2961,55.205
580,2966,55.159
581,2971,55.113
582,2976,55.068
583,2981,55.023
584,2987,54.968
585,2992,54.923
586,2997,54.878
587,3002,54.833
588,3007,54.788
589,3012,54.743
590,3017,54.698
591,3022,54.653
592,3027,54.609
593,3032,54.564
594,3037,54.52
595,3042,54.475
596,3047,54.431
597,3052,54.387
598,3057,54.343
599,3062,54.299
600,3067,54.255
601,3072,54.211
602,3077,54.167
603,3082,54.124
604,3087,54.08
605,3092,54.036
606,3097,53.993
607,3103,53.941
608,3108,53.898
609,3113,53.855
610,3118,53.811
611,3123,53.768
612,3128,53.725
613,3133,53.683
614,3138,53.64
615,3143,53.597
616,3149,53.546
617,3154,53.503
618,3159,53.461
619,3164,53.418
620,3169,53.376
621,3174,53.334
622,3179,53.292
623,3184,53.25
624,3189,53.208
625,3194,53.166
626,3199,53.124
627,3204,53.082
628,3209,53.04
629,3214,52.999
630,3219,52.957
631,3224,52.916
632,3229,52.874
633,3234,52.833
634,3239,52.792
635,3244,52.751
636,3249,52.709
637,3254,52.668
638,3259,52.627
639,3264,52.587
640,3269,52.546
641,3274,52.505
642,3279,52.464
643,3284,52.424
644,3289,52.383
645,3294,52.343
646,3299,52.302
647,3304,52.262
648,3309,52.222
649,3314,52.182
650,3319,52.141
651,3324,52.101
652,3329,52.061
653,3334,52.021
654,3339,51.982
655,3344,51.942
656,3349,51.902
657,3354,51.863
658,3359,51.823
659,3364,51.783
660,3369,51.744
661,3374,51.705
662,3379,51.665
663,3384,51.626
664,3389,51.587
665,3394,51.548
666,3399,51.509
667,3404,51.47
668,3409,51.431
669,3414,51.392
670,3418,51.361
671,3423,51.322
672,3428,51.284
673,3433,51.245
674,3438,51.207
675,3443,51.168
676,3448,51.13
677,3453,51.092
678,3458,51.053
679,3463,51.015
680,3468,50.977
681,3473,50.939
682,3478,50.901
683,3483,50.863
684,3488,50.825
685,3493,50.787
686,3498,50.75
687,3503,50.712
688,3508,50.674
689,3513,50.637
690,3517,50.607
691,3522,50.569
692,3527,50.532
693,3532,50.494
694,3537,50.457
695,3542,50.42
696,3547,50.383
697,3552,50.346
698,3557,50.309
699,3562,50.272
700,3567,50.235
701,3572,50.198
702,3577,50.161
703,3582,50.124
704,3587,50.088
705,3592,50.051
706,3597,50.014
707,3602,49.978
708,3607,49.942
709,3612,49.905
710,3617,49.869
711,3622,49.833
712,3627,49.796
713,3632,49.76
714,3637,49.724
715,3642,49.688
716,3647,49.652
717,3652,49.616
718,3657,49.58
719,3662,49.545
720,3667,49.509
721,3672,49.473
722,3677,49.437
723,3682,49.402
724,3687,49.366
725,3692,49.331
726,3697,49.295
727,3702,49.26
728,3707,49.225
729,3712,49.19
730,3717,49.154
731,3722,49.119
732,3727,49.084
733,3732,49.049
734,3737,49.014
735,3742,48.979
736,3747,48.944
737,3752,48.909
738,3757,48.875
739,3762,48.84
740,3767,48.805
741,3772,48.771
742,3777,48.736
743,3782,48.702
744,3787,48.667
745,3792,48.633
746,3797,48.598
747,3802,48.564
748,3807,48.53
749,3812,48.496
750,3817,48.461
751,3822,48.427
752,3827,48.393
753,3832,48.359
754,3837,48.325
755,3842,48.291
756,3847,48.258
757,3852,48.224
758,3857,48.19
759,3862,48.156
760,3867,48.123
761,3872,48.089
762,3877,48.056
763,3882,48.022
764,3887,47.989
765,3892,47.955
766,3897,47.922
767,3902,47.889
768,3907,47.855
769,3912,47.822
770,3917,47.789
771,3922,47.756
772,3927,47.723
773,3932,47.69
774,3937,47.657
775,3941,47.631
776,3946,47.598
777,3951,47.565
778,3956,47.532
779,3960,47.506
780,3965,47.473
781,3970,47.441
782,3975,47.408
783,3980,47.375
784,3985,47.343
785,3990,47.31
786,3995,47.278
787,3999,47.252
788,4004,47.22
789,4009,47.187
790,4014,47.155
791,4019,47.123
792,4024,47.091
793,4029,47.059
794,4034,47.027
795,4039,46.995
796,4044,46.963
797,4049,46.931
798,4054,46.899
799,4058,46.874
800,4063,46.842
801,4069,46.804
802,4074,46.772
803,4078,46.747
804,4083,46.715
805,4088,46.683
806,4093,46.652
807,4098,46.62
808,4103,46.589
809,4107,46.564
810,4111,46.539
811,4116,46.507
812,4121,46.476
813,4126,46.445
814,4131,46.414
815,4136,46.383
816,4141,46.351
817,4146,46.32
818,4150,46.296
819,4155,46.265
820,4160,46.234
821,4165,46.203
822,4170,46.172
823,4175,46.141
824,4180,46.11
825,4184,46.086
826,4189,46.055
827,4194,46.024
828,4199,45.994
829,4204,45.963
830,4209,45.933
831,4214,45.902
832,4219,45.872
833,4224,45.841
834,4229,45.811
835,4234,45.78
836,4239,45.75
837,4244,45.72
838,4248,45.696
839,4253,45.666
840,4258,45.635
841,4263,45.605
842,4268,45.575
843,4273,45.545
844,4278,45.515
845,4283,45.485
846,4288,45.456
847,4293,45.426
848,4298,45.396
849,4303,45.366
850,4308,45.336
851,4313,45.307
852,4318,45.277
853,4323,45.247
854,4328,45.218
855,4333,45.188
856,4338,45.159
857,4343,45.129
858,4348,45.1
859,4353,45.07
860,4358,45.041
861,4363,45.012
862,4368,44.983
863,4373,44.953
864,4378,44.924
865,4383,44.895
866,4388,44.866
867,4393,44.837
868,4398,44.808
869,4403,44.779
870,4408,44.75
871,4413,44.721
872,4418,44.692
873,4423,44.663
874,4428,44.634
875,4433,44.605
876,4438,44.577
877,4443,44.548
878,4448,44.519
879,4453,44.491
880,4458,44.462
881,4463,44.434
882,4468,44.405
883,4473,44.377
884,4478,44.348
885,4483,44.32
886,4488,44.291
887,4493,44.263
888,4498,44.235
889,4503,44.206
890,4508,44.178
891,4513,44.15
892,4518,44.122
893,4523,44.094
894,4528,44.066
895,4533,44.038
896,4538,44.01
897,4543,43.982
898,4548,43.954
899,4553,43.926
900,4558,43.898
901,4563,43.87
902,4568,43.842
903,4573,43.814
904,4577,43.792
905,4582,43.764
906,4587,43.737
907,4592,43.709
908,4597,43.682
909,4602,43.654
910,4607,43.626
911,4612,43.599
912,4617,43.571
913,4622,43.544
914,4627,43.517
915,4632,43.489
916,4637,43.462
917,4642,43.435
918,4647,43.407
919,4652,43.38
920,4657,43.353
921,4662,43.326
922,4667,43.299
923,4672,43.271
924,4677,43.244
925,4682,43.217
926,4687,43.19
927,4692,43.163
928,4697,43.136
929,4702,43.11
930,4707,43.083
931,4712,43.056
932,4717,43.029
933,4722,43.002
934,4727,42.976
935,4732,42.949
936,4737,42.922
937,4742,42.895
938,4747,42.869
939,4751,42.848
940,4756,42.821
941,4761,42.795
942,4766,42.768
943,4771,42.742
944,4776,42.715
945,4781,42.689
946,4786,42.662
947,4791,42.636
948,4796,42.61
949,4800,42.589
950,4805,42.562
951,4810,42.536
952,4815,42.51
953,4820,42.484
954,4825,42.458
955,4830,42.432
956,4835,42.406
957,4840,42.38
958,4845,42.354
959,4850,42.328
960,4855,42.302
961,4860,42.276
962,4865,42.25
963,4870,42.224
964,4875,42.198
965,4880,42.172
966,4885,42.147
967,4890,42.121
968,4895,42.095
969,4900,42.07
970,4905,42.044
971,4910,42.018
972,4915,41.993
973,4920,41.967
974,4925,41.942
975,4931,41.911
976,4936,41.886
977,4941,41.86
978,4946,41.835
979,4951,41.809
980,4956,41.784
981,4961,41.759
982,4966,41.734
983,4971,41.708
984,4976,41.683
985,4982,41.653
986,4987,41.628
987,4992,41.603
988,4997,41.577
989,5002,41.552
990,5007,41.527
991,5012,41.502
992,5017,41.477
993,5022,41.452
994,5027,41.427
995,5032,41.403
996,5037,41.378
997,5042,41.353
998,5047,41.328
999,5053,41.298
1000,5059,41.269
1001,5064,41.244
1002,5069,41.219
1003,5074,41.195
1004,5079,41.17
1005,5084,41.145
1006,5089,41.121
1007,5095,41.091
1008,5100,41.067
1009,5105,41.042
1010,5110,41.018
1011,5115,40.993
1012,5120,40.969
1013,5125,40.944
1014,5130,40.92
1015,5135,40.896
1016,5140,40.872
1017,5145,40.847
1018,5150,40.823
1019,5155,40.799
1020,5160,40.775
1021,5165,40.75
1022,5170,40.726
1023,5175,40.702
1024,5180,40.678
1025,5185,40.654
1026,5190,40.63
1027,5195,40.606
1028,5200,40.582
1029,5205,40.558
1030,5210,40.534
1031,5215,40.51
1032,5220,40.486
1033,5225,40.462
1034,5230,40.439
1035,5235,40.415
1036,5240,40.391
1037,5245,40.367
1038,5250,40.344
1039,5255,40.32
1040,5260,40.296
1041,5265,40.273
1042,5270,40.249
1043,5275,40.225
1044,5280,40.202
1045,5285,40.178
1046,5290,40.155
1047,5295,40.131
1048,5300,40.108
1049,5305,40.084
1050,5310,40.061
1051,5315,40.037
1052,5320,40.014
1053,5325,39.991
1054,5330,39.967
1055,5335,39.944
1056,5340,39.921
1057,5345,39.898
1058,5350,39.874
1059,5355,39.851
1060,5360,39.828
1061,5365,39.805
1062,5370,39.782
1063,5375,39.759
1064,5380,39.736
1065,5385,39.713
1066,5390,39.69
1067,5395,39.667
1068,5400,39.644
1069,5405,39.621
1070,5409,39.602
1071,5414,39.579
1072,5419,39.557
1073,5424,39.534
1074,5429,39.511
1075,5434,39.488
1076,5439,39.465
1077,5444,39.442
1078,5449,39.42
1079,5454,39.397
1080,5459,39.374
1081,5464,39.352
1082,5469,39.329
1083,5474,39.306
1084,5479,39.284
1085,5484,39.261
1086,5489,39.239
1087,5494,39.216
1088,5499,39.194
1089,5504,39.171
1090,5509,39.149
1091,5514,39.126
1092,5519,39.104
1093,5524,39.081
1094,5529,39.059
1095,5534,39.037
1096,5539,39.014
1097,5544,38.992
1098,5549,38.97
1099,5554,38.948
1100,5559,38.925
1101,5564,38.903
1102,5569,38.881
1103,5574,38.859
1104,5579,38.837
1105,5584,38.815
1106,5589,38.793
1107,5594,38.77
1108,5599,38.748
1109,5604,38.726
1110,5609,38.704
1111,5614,38.682
1112,5619,38.66
1113,5624,38.639
1114,5629,38.617
1115,5634,38.595
1116,5639,38.573
1117,5644,38.551
1118,5649,38.529
1119,5654,38.507
1120,5659,38.486
1121,5664,38.464
1122,5669,38.442
1123,5674,38.42
1124,5679,38.399
1125,5684,38.377
1126,5689,38.355
1127,5694,38.334
1128,5699,38.312
1129,5704,38.291
1130,5710,38.265
1131,5715,38.243
1132,5720,38.222
1133,5725,38.2
1134,5730,38.179
1135,5735,38.157
1136,5740,38.136
1137,5745,38.114
1138,5750,38.093
1139,5755,38.072
1140,5760,38.05
1141,5765,38.029
1142,5770,38.008
1143,5775,37.986
1144,5780,37.965
1145,5785,37.944
1146,5790,37.923
1147,5795,37.902
1148,5800,37.88
1149,5805,37.859
1150,5810,37.838
1151,5815,37.817
1152,5820,37.796
1153,5825,37.775
1154,5830,37.754
1155,5835,37.733
1156,5840,37.712
1157,5845,37.691
1158,5850,37.67
1159,5855,37.649
1160,5860,37.628
1161,5865,37.607
1162,5870,37.586
1163,5875,37.565
1164,5880,37.544
1165,5885,37.524
1166,5890,37.503
1167,5895,37.482
1168,5900,37.461
1169,5905,37.44
1170,5909,37.424
1171,5914,37.403
1172,5919,37.383
1173,5924,37.362
1174,5929,37.341
1175,5934,37.321
1176,5939,37.3
1177,5944,37.279
1178,5949,37.259
1179,5954,37.238
1180,5958,37.222
1181,5963,37.201
1182,5968,37.181
1183,5973,37.16
1184,5978,37.14
1185,5983,37.119
1186,5988,37.099
1187,5993,37.079
1188,5998,37.058
1189,6003,37.038
1190,6008,37.018
1191,6013,36.997
1192,6018,36.977
1193,6023,36.957
1194,6028,36.936
1195,6033,36.916
1196,6038,36.896
1197,6043,36.876
1198,6048,36.856
1199,6053,36.835
1200,6058,36.815
1201,6063,36.795
1202,6068,36.775
1203,6073,36.755
1204,6078,36.735
1205,6083,36.715
1206,6088,36.695
1207,6093,36.675
1208,6098,36.655
1209,6103,36.635
1210,6107,36.619
1211,6112,36.599
1212,6117,36.579
1213,6122,36.559
1214,6127,36.539
1215,6132,36.519
1216,6137,36.499
1217,6142,36.479
1218,6147,36.46
1219,6152,36.44
1220,6157,36.42
1221,6162,36.4
1222,6167,36.381
1223,6172,36.361
1224,6177,36.341
1225,6182,36.321
1226,6187,36.302
1227,6192,36.282
1228,6197,36.263
1229,6202,36.243
1230,6208,36.219
1231,6213,36.2
1232,6218,36.18
1233,6223,36.161
1234,6228,36.141
1235,6234,36.118
1236,6239,36.098
1237,6244,36.079
1238,6249,36.059
1239,6254,36.04
1240,6259,36.021
1241,6264,36.001
1242,6269,35.982
1243,6274,35.962
1244,6279,35.943
1245,6284,35.924
1246,6289,35.904
1247,6294,35.885
1248,6299,35.866
1249,6304,35.847
1250,6310,35.824
1251,6315,35.804
1252,6320,35.785
1253,6325,35.766
1254,6330,35.747
1255,6335,35.728
1256,6340,35.708
1257,6345,35.689
1258,6350,35.67
1259,6355,35.651
1260,6361,35.628
1261,6366,35.609
1262,6371,35.59
1263,6376,35.571
1264,6381,35.552
1265,6386,35.533
1266,6391,35.514
1267,6396,35.495
1268,6401,35.476
1269,6406,35.458
1270,6412,35.435
1271,6417,35.416
1272,6422,35.397
1273,6427,35.378
1274,6432,35.36
1275,6437,35.341
1276,6442,35.322
1277,6447,35.303
1278,6452,35.284
1279,6457,35.266
1280,6463,35.243
1281,6468,35.224
1282,6473,35.206
1283,6478,35.187
1284,6483,35.168
1285,6488,35.15
1286,6493,35.131
1287,6498,35.113
1288,6503,35.094
1289,6508,35.075
1290,6512,35.061
1291,6517,35.042
1292,6522,35.024
1293,6527,35.005
1294,6532,34.987
1295,6537,34.968
1296,6542,34.95
1297,6547,34.931
1298,6552,34.913
1299,6557,34.894
1300,6561,34.88
1301,6566,34.861
1302,6571,34.843
1303,6576,34.825
1304,6581,34.806
1305,6586,34.788
1306,6591,34.77
1307,6596,34.751
1308,6601,34.733
1309,6606,34.715
1310,6611,34.697
1311,6616,34.678
1312,6621,34.66
1313,6626,34.642
1314,6631,34.624
1315,6636,34.606
1316,6641,34.587
1317,6646,34.569
1318,6651,34.551
1319,6656,34.533
1320,6660,34.519
1321,6665,34.501
1322,6670,34.482
1323,6675,34.464
1324,6680,34.446
1325,6685,34.428
1326,6690,34.41
1327,6695,34.392
1328,6700,34.374
1329,6705,34.357
1330,6709,34.342
1331,6714,34.324
1332,6719,34.306
1333,6724,34.288
1334,6729,34.271
1335,6734,34.253
1336,6739,34.235
1337,6744,34.217
1338,6749,34.199
1339,6754,34.181
1340,6759,34.164
1341,6764,34.146
1342,6769,34.128
1343,6774,34.11
1344,6779,34.093
1345,6784,34.075
1346,6789,34.057
1347,6794,34.04
1348,6799,34.022
1349,6804,34.004
1350,6809,33.987
1351,6814,33.969
1352,6819,33.951
1353,6824,33.934
1354,6829,33.916
1355,6834,33.899
1356,6839,33.881
1357,6844,33.864
1358,6848,33.85
1359,6853,33.832
1360,6858,33.815
1361,6863,33.797
1362,6868,33.78
1363,6873,33.762
1364,6878,33.745
1365,6883,33.727
1366,6888,33.71
1367,6893,33.693
1368,6898,33.675
1369,6903,33.658
1370,6908,33.64
1371,6913,33.623
1372,6918,33.606
1373,6923,33.588
1374,6928,33.571
1375,6933,33.554
1376,6938,33.537
1377,6943,33.519
1378,6948,33.502
1379,6952,33.488
1380,6957,33.471
1381,6962,33.454
1382,6967,33.437
1383,6972,33.42
1384,6977,33.402
1385,6982,33.385
1386,6987,33.368
1387,6992,33.351
1388,6997,33.334
1389,7002,33.317
1390,7007,33.3
1391,7012,33.283
1392,7016,33.269
1393,7021,33.252
1394,7026,33.235
1395,7031,33.218
1396,7036,33.201
1397,7041,33.184
1398,7046,33.167
1399,7051,33.15
1400,7056,33.133
1401,7061,33.116
1402,7066,33.099
1403,7071,33.083
1404,7076,33.066
1405,7081,33.049
1406,7086,33.032
1407,7091,33.015
1408,7096,32.998
1409,7101,32.981
1410,7105,32.968
1411,7110,32.951
1412,7115,32.934
1413,7120,32.918
1414,7125,32.901
1415,7130,32.884
1416,7135,32.868
1417,7140,32.851
1418,7145,32.834
1419,7150,32.817
1420,7156,32.797
1421,7161,32.781
1422,7166,32.764
1423,7171,32.748
1424,7176,32.731
1425,7181,32.714
1426,7186,32.698
1427,7191,32.681
1428,7196,32.665
1429,7201,32.648
1430,7205,32.635
1431,7210,32.618
1432,7215,32.602
1433,7220,32.585
1434,7225,32.569
1435,7230,32.552
1436,7235,32.536
1437,7240,32.519
1438,7245,32.503
1439,7250,32.487
1440,7254,32.473
1441,7259,32.457
1442,7264,32.441
1443,7269,32.424
1444,7274,32.408
1445,7279,32.392
1446,7284,32.375
1447,7289,32.359
1448,7294,32.343
1449,7299,32.326
1450,7303,32.313
1451,7308,32.297
1452,7313,32.281
1453,7318,32.265
1454,7323,32.248
1455,7328,32.232
1456,7333,32.216
1457,7338,32.2
1458,7343,32.183
1459,7348,32.167
1460,7352,32.154
1461,7357,32.138
1462,7362,32.122
1463,7367,32.106
1464,7372,32.09
1465,7377,32.074
1466,7382,32.058
1467,7386,32.045
1468,7391,32.029
1469,7396,32.013
1470,7401,31.997
1471,7406,31.981
1472,7411,31.965
1473,7416,31.949
1474,7421,31.933
1475,7426,31.917
1476,7431,31.901
1477,7436,31.885
1478,7441,31.869
1479,7446,31.853
1480,7452,31.834
1481,7457,31.818
1482,7462,31.802
1483,7467,31.786
1484,7472,31.77
1485,7477,31.754
1486,7482,31.739
1487,7487,31.723
1488,7492,31.707
1489,7497,31.691
1490,7502,31.675
1491,7507,31.66
1492,7512,31.644
1493,7517,31.628
1494,7522,31.612
1495,7527,31.597
1496,7532,31.581
1497,7537,31.565
1498,7542,31.549
1499,7547,31.534
1500,7553,31.515
1501,7558,31.499
1502,7558,31.499
1503,7563,31.484
1504,7563,31.484
1505,7568,31.468
1506,7568,31.468
1507,7573,31.452
1508,7573,31.452
1509,7578,31.437
1510,7603,31.359
1511,7608,31.343
1512,7613,31.328
1513,7618,31.312
1514,7623,31.297
1515,7628,31.281
1516,7633,31.266
1517,7638,31.25
1518,7643,31.235
1519,7648,31.219
1520,7654,31.201
1521,7659,31.185
1522,7664,31.17
1523,7669,31.155
1524,7674,31.139
1525,7679,31.124
1526,7684,31.108
1527,7689,31.093
1528,7695,31.075
1529,7700,31.059
1530,7705,31.044
1531,7710,31.029
1532,7715,31.013
1533,7720,30.998
1534,7725,30.983
1535,7730,30.968
1536,7735,30.952
1537,7740,30.937
1538,7745,30.922
1539,7750,30.907
1540,7755,30.891
1541,7760,30.876
1542,7765,30.861
1543,7770,30.846
1544,7775,30.831
1545,7780,30.816
1546,7785,30.8
1547,7790,30.785
1548,7795,30.77
1549,7800,30.755
1550,7804,30.743
1551,7809,30.728
1552,7814,30.713
1553,7819,30.698
1554,7824,30.683
1555,7829,30.668
1556,7834,30.653
1557,7839,30.638
1558,7844,30.623
1559,7849,30.608
1560,7854,30.593
1561,7859,30.578
1562,7864,30.563
1563,7869,30.548
1564,7874,30.533
1565,7879,30.518
1566,7884,30.503
1567,7889,30.488
1568,7894,30.473
1569,7899,30.458
1570,7904,30.443
1571,7909,30.428
1572,7914,30.414
1573,7919,30.399
1574,7924,30.384
1575,7928,30.372
1576,7933,30.357
1577,7938,30.342
1578,7943,30.328
1579,7948,30.313
1580,7953,30.298
1581,7958,30.283
1582,7963,30.268
1583,7968,30.254
1584,7973,30.239
1585,7978,30.224
1586,7983,30.21
1587,7988,30.195
1588,7993,30.18
1589,7998,30.165
1590,8003,30.151
1591,8008,30.136
1592,8013,30.121
1593,8018,30.107
1594,8023,30.092
1595,8028,30.078
1596,8033,30.063
1597,8038,30.048
1598,8043,30.034
1599,8048,30.019
1600,8053,30.005
1601,8058,29.99
1602,8063,29.976
1603,8068,29.961
1604,8073,29.946
1605,8078,29.932
1606,8083,29.917
1607,8088,29.903
1608,8093,29.888
1609,8098,29.874
1610,8102,29.862
1611,8107,29.848
1612,8112,29.834
1613,8117,29.819
1614,8122,29.805
1615,8127,29.79
1616,8132,29.776
1617,8137,29.761
1618,8142,29.747
1619,8147,29.733
1620,8152,29.718
1621,8157,29.704
1622,8162,29.69
1623,8167,29.675
1624,8172,29.661
1625,8177,29.647
1626,8182,29.632
1627,8187,29.618
1628,8192,29.604
1629,8196,29.592
1630,8201,29.578
1631,8206,29.564
1632,8211,29.549
1633,8216,29.535
1634,8221,29.521
1635,8226,29.507
1636,8231,29.493
1637,8236,29.478
1638,8241,29.464
1639,8246,29.45
1640,8251,29.436
1641,8256,29.422
1642,8261,29.408
1643,8266,29.393
1644,8271,29.379
1645,8276,29.365
1646,8281,29.351
1647,8286,29.337
1648,8291,29.323
1649,8296,29.309
1650,8301,29.295
1651,8306,29.281
1652,8311,29.267
1653,8316,29.252
1654,8321,29.238
1655,8326,29.224
1656,8331,29.21
1657,8336,29.196
1658,8341,29.182
1659,8345,29.171
1660,8350,29.157
1661,8355,29.143
1662,8360,29.129
1663,8365,29.115
1664,8370,29.101
1665,8375,29.087
1666,8380,29.074
1667,8385,29.06
1668,8390,29.046
1669,8395,29.032
1670,8400,29.018
1671,8405,29.004
1672,8410,28.99
1673,8415,28.976
1674,8420,28.962
1675,8425,28.949
1676,8430,28.935
1677,8435,28.921
1678,8440,28.907
1679,8444,28.896
1680,8449,28.882
1681,8454,28.869
1682,8459,28.855
1683,8464,28.841
1684,8469,28.827
1685,8474,28.814
1686,8479,28.8
1687,8484,28.786
1688,8489,28.772
1689,8494,28.759
1690,8499,28.745
1691,8504,28.731
1692,8509,28.718
1693,8514,28.704
1694,8519,28.69
1695,8524,28.677
1696,8529,28.663
1697,8534,28.649
1698,8539,28.636
1699,8544,28.622
1700,8549,28.608
1701,8554,28.595
1702,8559,28.581
1703,8564,28.568
1704,8569,28.554
1705,8574,28.54
1706,8579,28.527
1707,8584,28.513
1708,8588,28.503
1709,8593,28.489
1710,8598,28.475
1711,8603,28.462
1712,8608,28.448
1713,8613,28.435
1714,8618,28.421
1715,8623,28.408
1716,8628,28.395
1717,8633,28.381
1718,8638,28.368
1719,8643,28.354
1720,8648,28.341
1721,8653,28.327
1722,8658,28.314
1723,8663,28.3
1724,8668,28.287
1725,8673,28.274
1726,8678,28.26
1727,8683,28.247
1728,8688,28.234
1729,8693,28.22
1730,8698,28.207
1731,8703,28.194
1732,8708,28.18
1733,8713,28.167
1734,8718,28.154
1735,8723,28.14
1736,8728,28.127
1737,8733,28.114
1738,8737,28.103
1739,8742,28.09
1740,8747,28.077
1741,8752,28.063
1742,8757,28.05
1743,8762,28.037
1744,8767,28.024
1745,8772,28.01
1746,8777,27.997
1747,8782,27.984
1748,8787,27.971
1749,8792,27.958
1750,8797,27.944
1751,8802,27.931
1752,8807,27.918
1753,8812,27.905
1754,8817,27.892
1755,8822,27.879
1756,8827,27.866
1757,8832,27.852
1758,8837,27.839
1759,8842,27.826
1760,8846,27.816
1761,8851,27.803
1762,8856,27.79
1763,8861,27.776
1764,8866,27.763
1765,8871,27.75
1766,8876,27.737
1767,8881,27.724
1768,8886,27.711
1769,8891,27.698
1770,8896,27.685
1771,8901,27.672
1772,8906,27.659
1773,8911,27.646
1774,8916,27.633
1775,8921,27.62
1776,8926,27.607
1777,8931,27.594
1778,8936,27.581
1779,8941,27.569
1780,8945,27.558
1781,8950,27.545
1782,8955,27.532
1783,8960,27.519
1784,8965,27.507
1785,8970,27.494
1786,8975,27.481
1787,8980,27.468
1788,8985,27.455
1789,8990,27.442
1790,8995,27.429
1791,9000,27.417
1792,9005,27.404
1793,9010,27.391
1794,9015,27.378
1795,9020,27.365
1796,9025,27.352
1797,9030,27.34
1798,9035,27.327
1799,9040,27.314
1800,9044,27.304
1801,9049,27.291
1802,9054,27.278
1803,9059,27.266
1804,9064,27.253
1805,9069,27.24
1806,9074,27.227
1807,9079,27.215
1808,9084,27.202
1809,9089,27.189
1810,9093,27.179
1811,9098,27.167
1812,9103,27.154
1813,9108,27.141
1814,9113,27.129
1815,9118,27.116
1816,9123,27.103
1817,9128,27.091
1818,9133,27.078
1819,9138,27.065
1820,9142,27.055
1821,9147,27.043
1822,9152,27.03
1823,9157,27.017
1824,9162,27.005
1825,9167,26.992
1826,9172,26.98
1827,9177,26.967
1828,9182,26.955
1829,9187,26.942
1830,9191,26.932
1831,9196,26.92
1832,9201,26.907
1833,9206,26.895
1834,9211,26.882
1835,9216,26.87
1836,9221,26.857
1837,9226,26.845
1838,9231,26.832
1839,9236,26.82
1840,9240,26.81
1841,9245,26.797
1842,9250,26.785
1843,9255,26.772
1844,9260,26.76
1845,9265,26.747
1846,9270,26.735
1847,9275,26.723
1848,9280,26.71
1849,9285,26.698
1850,9289,26.688
1851,9294,26.676
1852,9299,26.663
1853,9304,26.651
1854,9309,26.638
1855,9314,26.626
1856,9319,26.614
1857,9324,26.601
1858,9329,26.589
1859,9334,26.577
1860,9339,26.565
1861,9344,26.552
1862,9349,26.54
1863,9354,26.528
1864,9359,26.515
1865,9364,26.503
1866,9369,26.491
1867,9374,26.479
1868,9379,26.466
1869,9384,26.454
1870,9390,26.439
1871,9395,26.427
1872,9400,26.415
1873,9405,26.403
1874,9410,26.391
1875,9415,26.378
1876,9420,26.366
1877,9425,26.354
1878,9430,26.342
1879,9435,26.33
1880,9440,26.317
1881,9445,26.305
1882,9450,26.293
1883,9455,26.281
1884,9460,26.269
1885,9465,26.257
1886,9470,26.245
1887,9475,26.233
1888,9480,26.22
1889,9485,26.208
1890,9491,26.194
1891,9496,26.182
1892,9501,26.17
1893,9506,26.158
1894,9511,26.146
1895,9516,26.134
1896,9521,26.121
1897,9526,26.109
1898,9531,26.097
1899,9536,26.085
1900,9541,26.073
1901,9546,26.061
1902,9551,26.049
1903,9556,26.037
1904,9561,26.025
1905,9566,26.013
1906,9571,26.001
1907,9576,25.989
1908,9581,25.978
1909,9586,25.966
1910,9592,25.951
1911,9597,25.939
1912,9602,25.927
1913,9607,25.915
1914,9612,25.904
1915,9617,25.892
1916,9622,25.88
1917,9627,25.868
1918,9632,25.856
1919,9637,25.844
1920,9643,25.83
1921,9648,25.818
1922,9653,25.806
1923,9658,25.794
1924,9663,25.782
1925,9668,25.771
1926,9672,25.761
1927,9677,25.749
1928,9682,25.737
1929,9687,25.726
1930,9692,25.714
1931,9697,25.702
1932,9702,25.69
1933,9707,25.679
1934,9712,25.667
1935,9717,25.655
1936,9722,25.643
1937,9727,25.631
1938,9732,25.62
1939,9737,25.608
1940,9742,25.596
1941,9747,25.585
1942,9752,25.573
1943,9757,25.561
1944,9762,25.549
1945,9767,25.538
1946,9772,25.526
1947,9777,25.514
1948,9782,25.503
1949,9787,25.491
1950,9792,25.479
1951,9797,25.468
1952,9802,25.456
1953,9807,25.444
1954,9812,25.433
1955,9817,25.421
1956,9822,25.409
1957,9827,25.398
1958,9832,25.386
1959,9837,25.375
1960,9842,25.363
1961,9847,25.351
1962,9852,25.34
1963,9857,25.328
1964,9862,25.317
1965,9867,25.305
1966,9872,25.294
1967,9877,25.282
1968,9882,25.27
1969,9887,25.259
1970,9891,25.25
1971,9896,25.238
1972,9901,25.227
1973,9906,25.215
1974,9911,25.204
1975,9916,25.192
1976,9921,25.181
1977,9926,25.169
1978,9931,25.158
1979,9936,25.146
1980,9941,25.135
1981,9946,25.123
1982,9951,25.112
1983,9957,25.098
1984,9962,25.087
1985,9967,25.075
1986,9972,25.064
1987,9977,25.052
1988,9982,25.041
1989,9987,25.03
1990,9992,25.018
1991,9997,25.007
1992,10002,24.995
1993,10007,24.984
1994,10012,24.973
1995,10017,24.961
1996,10022,24.95
1997,10027,24.939
1998,10032,24.927
1999,10037,24.916
2000,10042,24.905
2001,10047,24.893
2002,10052,24.882
2003,10057,24.871
2004,10062,24.859
2005,10067,24.848
2006,10072,24.837
2007,10077,24.825
2008,10082,24.814
2009,10087,24.803
2010,10093,24.789
2011,10098,24.778
2012,10103,24.767
2013,10108,24.756
2014,10113,24.744
2015,10118,24.733
2016,10123,24.722
2017,10128,24.711
2018,10133,24.699
2019,10138,24.688
2020,10144,24.675
2021,10149,24.663
2022,10154,24.652
2023,10159,24.641
2024,10164,24.63
2025,10169,24.619
2026,10174,24.608
2027,10179,24.596
2028,10184,24.585
2029,10189,24.574
2030,10194,24.563
2031,10199,24.552
2032,10204,24.541
2033,10209,24.53
2034,10214,24.518
2035,10219,24.507
2036,10224,24.496
2037,10229,24.485
2038,10234,24.474
2039,10239,24.463
2040,10245,24.45
2041,10250,24.439
2042,10255,24.428
2043,10260,24.416
2044,10265,24.405
2045,10271,24.392
2046,10276,24.381
2047,10281,24.37
2048,10286,24.359
2049,10291,24.348
2050,10296,24.337
2051,10301,24.326
2052,10306,24.315
2053,10311,24.304
2054,10316,24.293
2055,10321,24.282
2056,10326,24.271
2057,10331,24.26
2058,10336,24.249
2059,10340,24.24
2060,10345,24.229
2061,10350,24.218
2062,10355,24.207
2063,10360,24.197
2064,10365,24.186
2065,10370,24.175
2066,10375,24.164
2067,10380,24.153
2068,10385,24.142
2069,10390,24.131
2070,10395,24.12
2071,10400,24.109
2072,10405,24.098
2073,10410,24.087
2074,10415,24.077
2075,10420,24.066
2076,10425,24.055
2077,10430,24.044
2078,10435,24.033
2079,10440,24.022
2080,10445,24.011
2081,10450,24.001
2082,10455,23.99
2083,10460,23.979
2084,10465,23.968
2085,10470,23.957
2086,10475,23.947
2087,10480,23.936
2088,10485,23.925
2089,10490,23.914
2090,10494,23.906
2091,10499,23.895
2092,10504,23.884
2093,10509,23.873
2094,10514,23.862
2095,10519,23.852
2096,10524,23.841
2097,10529,23.83
2098,10534,23.819
2099,10539,23.809
2100,10544,23.798
2101,10549,23.787
2102,10554,23.777
2103,10559,23.766
2104,10564,23.755
2105,10569,23.744
2106,10574,23.734
2107,10579,23.723
2108,10584,23.712
2109,10589,23.702
2110,10594,23.691
2111,10599,23.68
2112,10604,23.67
2113,10609,23.659
2114,10614,23.648
2115,10619,23.638
2116,10624,23.627
2117,10629,23.617
2118,10634,23.606
2119,10639,23.595
2120,10644,23.585
2121,10648,23.576
2122,10653,23.566
2123,10658,23.555
2124,10663,23.544
2125,10668,23.534
2126,10673,23.523
2127,10678,23.513
2128,10683,23.502
2129,10688,23.492
2130,10693,23.481
2131,10698,23.471
2132,10703,23.46
2133,10708,23.449
2134,10713,23.439
2135,10718,23.428
2136,10723,23.418
2137,10728,23.407
2138,10733,23.397
2139,10738,23.386
2140,10743,23.376
2141,10747,23.367
2142,10752,23.357
2143,10757,23.346
2144,10762,23.336
2145,10767,23.325
2146,10772,23.315
2147,10777,23.305
2148,10782,23.294
2149,10787,23.284
2150,10792,23.273
2151,10797,23.263
2152,10802,23.252
2153,10807,23.242
2154,10812,23.231
2155,10817,23.221
2156,10822,23.211
2157,10827,23.2
2158,10832,23.19
2159,10837,23.179
2160,10842,23.169
2161,10846,23.161
2162,10851,23.15
2163,10856,23.14
2164,10861,23.13
2165,10866,23.119
2166,10871,23.109
2167,10876,23.099
2168,10881,23.088
2169,10886,23.078
2170,10891,23.068
2171,10896,23.057
2172,10901,23.047
2173,10906,23.037
2174,10911,23.026
2175,10916,23.016
2176,10921,23.006
2177,10926,22.995
2178,10931,22.985
2179,10936,22.975
2180,10941,22.964
2181,10945,22.956
2182,10950,22.946
2183,10955,22.936
2184,10960,22.925
2185,10965,22.915
2186,10970,22.905
2187,10975,22.895
2188,10980,22.884
2189,10985,22.874
2190,10990,22.864
2191,10995,22.854
2192,11000,22.844
2193,11005,22.833
2194,11010,22.823
2195,11015,22.813
2196,11020,22.803
2197,11025,22.793
2198,11030,22.782
2199,11035,22.772
2200,11040,22.762
2201,11045,22.752
2202,11050,22.742
2203,11055,22.731
2204,11060,22.721
2205,11065,22.711
2206,11070,22.701
2207,11075,22.691
2208,11080,22.681
2209,11085,22.671
2210,11090,22.66
2211,11095,22.65
2212,11100,22.64
2213,11105,22.63
2214,11110,22.62
2215,11115,22.61
2216,11120,22.6
2217,11125,22.59
2218,11130,22.58
2219,11135,22.57
2220,11139,22.561
2221,11144,22.551
2222,11149,22.541
2223,11154,22.531
2224,11159,22.521
2225,11164,22.511
2226,11174,22.491
2227,11178,22.483
2228,11179,22.481
2229,11184,22.471
2230,11189,22.461
2231,11194,22.451
2232,11199,22.441
2233,11204,22.431
2234,11209,22.421
2235,11214,22.411
2236,11219,22.401
2237,11224,22.391
2238,11229,22.381
2239,11234,22.371
2240,11239,22.361
2241,11244,22.351
2242,11249,22.341
2243,11254,22.331
2244,11259,22.321
2245,11264,22.311
2246,11269,22.301
2247,11274,22.291
2248,11279,22.281
2249,11284,22.272
2250,11289,22.262
2251,11294,22.252
2252,11299,22.242
2253,11304,22.232
2254,11309,22.222
2255,11314,22.212
2256,11319,22.202
2257,11324,22.192
2258,11329,22.182
2259,11333,22.174
2260,11338,22.165
2261,11343,22.155
2262,11348,22.145
2263,11353,22.135
2264,11358,22.125
2265,11363,22.115
2266,11368,22.105
2267,11373,22.096
2268,11378,22.086
2269,11383,22.076
2270,11388,22.066
2271,11393,22.056
2272,11398,22.046
2273,11403,22.037
2274,11408,22.027
2275,11413,22.017
2276,11418,22.007
2277,11423,21.997
2278,11428,21.988
2279,11433,21.978
2280,11438,21.968
2281,11442,21.96
2282,11447,21.951
2283,11452,21.941
2284,11457,21.931
2285,11462,21.921
2286,11467,21.912
2287,11472,21.902
2288,11477,21.892
2289,11482,21.882
2290,11487,21.873
2291,11492,21.863
2292,11497,21.853
2293,11502,21.843
2294,11507,21.834
2295,11512,21.824
2296,11517,21.814
2297,11522,21.805
2298,11527,21.795
2299,11532,21.785
2300,11537,21.776
2301,11542,21.766
2302,11547,21.756
2303,11552,21.747
2304,11557,21.737
2305,11562,21.727
2306,11567,21.718
2307,11572,21.708
2308,11577,21.698
2309,11581,21.691
2310,11586,21.681
2311,11591,21.671
2312,11596,21.662
2313,11601,21.652
2314,11606,21.642
2315,11611,21.633
2316,11616,21.623
2317,11621,21.614
2318,11626,21.604
2319,11630,21.596
2320,11635,21.587
2321,11640,21.577
2322,11645,21.568
2323,11650,21.558
2324,11655,21.548
2325,11660,21.539
2326,11665,21.529
2327,11670,21.52
2328,11675,21.51
2329,11680,21.501
2330,11684,21.493
2331,11689,21.483
2332,11694,21.474
2333,11699,21.464
2334,11704,21.455
2335,11709,21.445
2336,11714,21.436
2337,11719,21.426
2338,11724,21.417
2339,11729,21.407
2340,11734,21.398
2341,11739,21.388
2342,11744,21.379
2343,11749,21.369
2344,11754,21.36
2345,11758,21.352
2346,11763,21.343
2347,11768,21.333
2348,11773,21.324
2349,11778,21.314
2350,11783,21.305
2351,11788,21.296
2352,11793,21.286
2353,11798,21.277
2354,11803,21.267
2355,11808,21.258
2356,11813,21.248
2357,11818,21.239
2358,11823,21.229
2359,11827,21.222
2360,11832,21.213
2361,11837,21.203
2362,11842,21.194
2363,11847,21.184
2364,11852,21.175
2365,11857,21.166
2366,11862,21.156
2367,11867,21.147
2368,11872,21.137
2369,11877,21.128
2370,11882,21.119
2371,11887,21.109
2372,11892,21.1
2373,11897,21.091
2374,11902,21.081
2375,11907,21.072
2376,11912,21.063
2377,11917,21.053
2378,11922,21.044
2379,11927,21.035
2380,11932,21.025
2381,11937,21.016
2382,11942,21.007
2383,11947,20.997
2384,11952,20.988
2385,11957,20.979
2386,11962,20.97
2387,11967,20.96
2388,11972,20.951
2389,11977,20.942
2390,11982,20.932
2391,11987,20.923
2392,11992,20.914
2393,11997,20.905
2394,12002,20.895
2395,12007,20.886
2396,12012,20.877
2397,12017,20.868
2398,12022,20.858
2399,12027,20.849
2400,12032,20.84
2401,12037,20.831
2402,12042,20.821
2403,12047,20.812
2404,12052,20.803
2405,12057,20.794
2406,12062,20.785
2407,12067,20.775
2408,12072,20.766
2409,12077,20.757
2410,12082,20.748
2411,12087,20.739
2412,12092,20.729
2413,12097,20.72
2414,12102,20.711
2415,12107,20.702
2416,12112,20.693
2417,12117,20.684
2418,12122,20.674
2419,12127,20.665
2420,12132,20.656
2421,12137,20.647
2422,12142,20.638
2423,12147,20.629
2424,12152,20.62
2425,12157,20.61
2426,12162,20.601
2427,12167,20.592
2428,12172,20.583
2429,12177,20.574
2430,12182,20.565
2431,12186,20.558
2432,12191,20.549
2433,12196,20.539
2434,12201,20.53
2435,12206,20.521
2436,12211,20.512
2437,12216,20.503
2438,12221,20.494
2439,12225,20.487
2440,12230,20.478
2441,12235,20.469
2442,12239,20.461
2443,12244,20.452
2444,12249,20.443
2445,12254,20.434
2446,12259,20.425
2447,12264,20.416
2448,12269,20.407
2449,12273,20.4
2450,12278,20.391
2451,12283,20.382
2452,12287,20.375
2453,12292,20.366
2454,12297,20.357
2455,12302,20.348
2456,12307,20.339
2457,12312,20.33
2458,12317,20.321
2459,12321,20.314
2460,12326,20.305
2461,12331,20.296
2462,12335,20.288
2463,12340,20.279
2464,12345,20.271
2465,12350,20.262
2466,12355,20.253
2467,12360,20.244
2468,12365,20.235
2469,12369,20.228
2470,12374,20.219
2471,12378,20.211
2472,12383,20.202
2473,12388,20.194
2474,12393,20.185
2475,12398,20.176
2476,12403,20.167
2477,12408,20.158
2478,12413,20.149
2479,12417,20.142
2480,12422,20.133
2481,12427,20.124
2482,12431,20.117
2483,12436,20.108
2484,12441,20.099
2485,12446,20.09
2486,12451,20.081
2487,12456,20.073
2488,12461,20.064
2489,12466,20.055
2490,12470,20.048
2491,12475,20.039
2492,12480,20.03
2493,12485,20.021
2494,12490,20.012
2495,12495,20.003
2496,12500,19.995
2497,12505,19.986
2498,12510,19.977
2499,12515,19.968
2500,12520,19.959
2501,12525,19.95
2502,12530,19.942
2503,12535,19.933
2504,12540,19.924
2505,12545,19.915
2506,12550,19.906
2507,12555,19.898
2508,12560,19.889
2509,12565,19.88
2510,12571,19.869
2511,12577,19.859
2512,12583,19.848
2513,12588,19.84
2514,12593,19.831
2515,12598,19.822
2516,12603,19.813
2517,12608,19.805
2518,12613,19.796
2519,12618,19.787
2520,12623,19.778
2521,12628,19.77
2522,12633,19.761
2523,12638,19.752
2524,12643,19.743
2525,12648,19.735
2526,12653,19.726
2527,12658,19.717
2528,12663,19.709
2529,12668,19.7
2530,12673,19.691
2531,12678,19.682
2532,12684,19.672
2533,12689,19.663
2534,12694,19.655
2535,12699,19.646
2536,12705,19.636
2537,12710,19.627
2538,12715,19.618
2539,12721,19.608
2540,12726,19.599
2541,12731,19.59
2542,12736,19.582
2543,12741,19.573
2544,12746,19.565
2545,12752,19.554
2546,12757,19.546
2547,12762,19.537
2548,12767,19.528
2549,12773,19.518
2550,12778,19.509
2551,12783,19.501
2552,12788,19.492
2553,12793,19.483
2554,12798,19.475
2555,12803,19.466
2556,12808,19.458
2557,12813,19.449
2558,12818,19.44
2559,12823,19.432
2560,12828,19.423
2561,12833,19.415
2562,12838,19.406
2563,12843,19.398
2564,12848,19.389
2565,12853,19.38
2566,12858,19.372
2567,12863,19.363
2568,12868,19.355
2569,12873,19.346
2570,12878,19.338
2571,12883,19.329
2572,12888,19.321
2573,12893,19.312
2574,12898,19.304
2575,12903,19.295
2576,12908,19.286
2577,12913,19.278
2578,12918,19.269
2579,12924,19.259
2580,12929,19.251
2581,12934,19.242
2582,12939,19.234
2583,12944,19.225
2584,12949,19.217
2585,12954,19.208
2586,12959,19.2
2587,12964,19.191
2588,12969,19.183
2589,12974,19.174
2590,12979,19.166
2591,12984,19.157
2592,12989,19.149
2593,12994,19.14
2594,12999,19.132
2595,13004,19.124
2596,13009,19.115
2597,13014,19.107
2598,13019,19.098
2599,13024,19.09
2600,13029,19.081
2601,13034,19.073
2602,13039,19.064
2603,13044,19.056
2604,13049,19.048
2605,13053,19.041
2606,13058,19.032
2607,13063,19.024
2608,13068,19.016
2609,13073,19.007
2610,13077,19.001
2611,13082,18.992
2612,13087,18.984
2613,13092,18.975
2614,13097,18.967
2615,13102,18.959
2616,13107,18.95
2617,13111,18.944
2618,13116,18.935
2619,13121,18.927
2620,13126,18.918
2621,13131,18.91
2622,13136,18.902
2623,13141,18.893
2624,13146,18.885
2625,13151,18.877
2626,13156,18.868
2627,13161,18.86
2628,13166,18.852
2629,13171,18.843
2630,13176,18.835
2631,13181,18.827
2632,13186,18.818
2633,13191,18.81
2634,13196,18.802
2635,13201,18.793
2636,13206,18.785
2637,13211,18.777
2638,13216,18.768
2639,13221,18.76
2640,13226,18.752
2641,13231,18.744
2642,13236,18.735
2643,13241,18.727
2644,13246,18.719
2645,13251,18.711
2646,13256,18.702
2647,13261,18.694
2648,13266,18.686
2649,13272,18.676
2650,13277,18.668
2651,13282,18.659
2652,13287,18.651
2653,13292,18.643
2654,13297,18.635
2655,13302,18.626
2656,13307,18.618
2657,13312,18.61
2658,13317,18.602
2659,13322,18.593
2660,13327,18.585
2661,13332,18.577
2662,13337,18.569
2663,13342,18.561
2664,13347,18.552
2665,13352,18.544
2666,13357,18.536
2667,13362,18.528
2668,13367,18.52
2669,13372,18.511
2670,13377,18.503
2671,13382,18.495
2672,13387,18.487
2673,13392,18.479
2674,13397,18.47
2675,13402,18.462
2676,13407,18.454
2677,13412,18.446
2678,13417,18.438
2679,13422,18.43
2680,13427,18.421
2681,13432,18.413
2682,13437,18.405
2683,13442,18.397
2684,13447,18.389
2685,13452,18.381
2686,13457,18.373
2687,13462,18.365
2688,13467,18.356
2689,13472,18.348
2690,13477,18.34
2691,13482,18.332
2692,13487,18.324
2693,13492,18.316
2694,13497,18.308
2695,13502,18.3
2696,13507,18.292
2697,13512,18.283
2698,13517,18.275
2699,13521,18.269
2700,13526,18.261
2701,13531,18.253
2702,13536,18.245
2703,13541,18.237
2704,13546,18.229
2705,13551,18.22
2706,13556,18.212
2707,13561,18.204
2708,13566,18.196
2709,13571,18.188
2710,13576,18.18
2711,13581,18.172
2712,13586,18.164
2713,13591,18.156
2714,13596,18.148
2715,13601,18.14
2716,13606,18.132
2717,13611,18.124
2718,13616,18.116
2719,13621,18.108
2720,13626,18.1
2721,13631,18.092
2722,13636,18.084
2723,13641,18.076
2724,13646,18.068
2725,13651,18.06
2726,13656,18.052
2727,13661,18.044
2728,13666,18.036
2729,13671,18.028
2730,13676,18.02
2731,13681,18.012
2732,13686,18.004
2733,13691,17.996
2734,13696,17.988
2735,13701,17.98
2736,13706,17.972
2737,13711,17.964
2738,13715,17.958
2739,13720,17.95
2740,13725,17.942
2741,13730,17.934
2742,13735,17.926
2743,13740,17.918
2744,13745,17.91
2745,13750,17.902
2746,13755,17.894
2747,13760,17.886
2748,13765,17.878
2749,13769,17.872
2750,13774,17.864
2751,13779,17.856
2752,13784,17.848
2753,13789,17.84
2754,13794,17.832
2755,13799,17.825
2756,13804,17.817
2757,13809,17.809
2758,13814,17.801
2759,13819,17.793
2760,13824,17.785
2761,13829,17.777
2762,13834,17.769
2763,13839,17.761
2764,13844,17.754
2765,13849,17.746
2766,13854,17.738
2767,13859,17.73
2768,13864,17.722
2769,13869,17.714
2770,13874,17.706
2771,13879,17.699
2772,13884,17.691
2773,13889,17.683
2774,13894,17.675
2775,13899,17.667
2776,13904,17.659
2777,13909,17.652
2778,13914,17.644
2779,13919,17.636
2780,13924,17.628
2781,13929,17.62
2782,13934,17.612
2783,13939,17.605
2784,13944,17.597
2785,13949,17.589
2786,13954,17.581
2787,13959,17.573
2788,13964,17.566
2789,13969,17.558
2790,13974,17.55
2791,13979,17.542
2792,13984,17.534
2793,13988,17.528
2794,13993,17.52
2795,13998,17.513
2796,14003,17.505
2797,14008,17.497
2798,14013,17.489
2799,14017,17.483
2800,14022,17.475
2801,14027,17.468
2802,14032,17.46
2803,14037,17.452
2804,14042,17.444
2805,14047,17.437
2806,14052,17.429
2807,14057,17.421
2808,14062,17.413
2809,14067,17.406
2810,14072,17.398
2811,14077,17.39
2812,14082,17.382
2813,14087,17.375
2814,14092,17.367
2815,14097,17.359
2816,14102,17.352
2817,14107,17.344
2818,14112,17.336
2819,14117,17.329
2820,14122,17.321
2821,14127,17.313
2822,14132,17.305
2823,14137,17.298
2824,14142,17.29
2825,14147,17.282
2826,14152,17.275
2827,14157,17.267
2828,14162,17.259
2829,14167,17.252
2830,14172,17.244
2831,14177,17.236
2832,14182,17.229
2833,14187,17.221
2834,14192,17.213
2835,14197,17.206
2836,14202,17.198
2837,14207,17.19
2838,14212,17.183
2839,14217,17.175
2840,14222,17.168
2841,14227,17.16
2842,14232,17.152
2843,14237,17.145
2844,14242,17.137
2845,14247,17.129
2846,14252,17.122
2847,14257,17.114
2848,14262,17.107
2849,14267,17.099
2850,14272,17.091
2851,14277,17.084
2852,14282,17.076
2853,14287,17.069
2854,14292,17.061
2855,14297,17.053
2856,14302,17.046
2857,14307,17.038
2858,14312,17.031
2859,14317,17.023
2860,14322,17.015
2861,14327,17.008
2862,14332,17
2863,14337,16.993
2864,14342,16.985
2865,14347,16.978
2866,14352,16.97
2867,14357,16.962
2868,14362,16.955
2869,14367,16.947
2870,14372,16.94
2871,14377,16.932
2872,14382,16.925
2873,14387,16.917
2874,14392,16.91
2875,14397,16.902
2876,14402,16.895
2877,14407,16.887
2878,14412,16.88
2879,14417,16.872
2880,14422,16.865
2881,14427,16.857
2882,14432,16.85
2883,14437,16.842
2884,14442,16.835
2885,14447,16.827
2886,14452,16.82
2887,14457,16.812
2888,14462,16.805
2889,14467,16.797
2890,14472,16.79
2891,14477,16.782
2892,14482,16.775
2893,14487,16.767
2894,14492,16.76
2895,14497,16.752
2896,14502,16.745
2897,14507,16.737
2898,14512,16.73
2899,14518,16.721
2900,14523,16.713
2901,14528,16.706
2902,14533,16.698
2903,14538,16.691
2904,14543,16.684
2905,14548,16.676
2906,14553,16.669
2907,14558,16.661
2908,14563,16.654
2909,14568,16.646
2910,14573,16.639
2911,14578,16.632
2912,14583,16.624
2913,14588,16.617
2914,14593,16.609
2915,14598,16.602
2916,14603,16.594
2917,14608,16.587
2918,14613,16.58
2919,14618,16.572
2920,14623,16.565
2921,14628,16.557
2922,14633,16.55
2923,14638,16.543
2924,14643,16.535
2925,14648,16.528
2926,14653,16.52
2927,14658,16.513
2928,14663,16.506
2929,14668,16.498
2930,14673,16.491
2931,14678,16.484
2932,14683,16.476
2933,14688,16.469
2934,14693,16.462
2935,14698,16.454
2936,14703,16.447
2937,14708,16.439
2938,14713,16.432
2939,14718,16.425
2940,14723,16.417
2941,14728,16.41
2942,14733,16.403
2943,14738,16.395
2944,14743,16.388
2945,14748,16.381
2946,14753,16.373
2947,14758,16.366
2948,14763,16.359
2949,14768,16.351
2950,14773,16.344
2951,14778,16.337
2952,14783,16.33
2953,14788,16.322
2954,14793,16.315
2955,14798,16.308
2956,14803,16.3
2957,14808,16.293
2958,14813,16.286
2959,14818,16.278
2960,14823,16.271
2961,14828,16.264
2962,14833,16.257
2963,14838,16.249
2964,14843,16.242
2965,14848,16.235
2966,14853,16.228
2967,14858,16.22
2968,14863,16.213
2969,14868,16.206
2970,14873,16.198
2971,14878,16.191
2972,14883,16.184
2973,14887,16.178
2974,14892,16.171
2975,14897,16.164
2976,14902,16.156
2977,14907,16.149
2978,14912,16.142
2979,14917,16.135
2980,14922,16.127
2981,14927,16.12
2982,14932,16.113
2983,14937,16.106
2984,14941,16.1
2985,14946,16.093
2986,14951,16.086
2987,14956,16.078
2988,14961,16.071
2989,14966,16.064
2990,14971,16.057
2991,14976,16.05
2992,14981,16.042
2993,14986,16.035
2994,14991,16.028
2995,14996,16.021
2996,15001,16.014
2997,15006,16.006
2998,15011,15.999
2999,15015,15.993
3000,15020,15.986
3001,15025,15.979
3002,15030,15.972
3003,15035,15.965
3004,15040,15.958
3005,15045,15.95
3006,15050,15.943
3007,15055,15.936
3008,15060,15.929
3009,15065,15.922
3010,15070,15.915
3011,15075,15.908
3012,15080,15.9
3013,15085,15.893
3014,15090,15.886
3015,15095,15.879
3016,15100,15.872
3017,15105,15.865
3018,15110,15.858
3019,15115,15.85
3020,15120,15.843
3021,15125,15.836
3022,15130,15.829
3023,15135,15.822
3024,15140,15.815
3025,15145,15.808
3026,15150,15.801
3027,15155,15.794
3028,15160,15.786
3029,15165,15.779
3030,15170,15.772
3031,15175,15.765
3032,15180,15.758
3033,15186,15.75
3034,15191,15.742
3035,15196,15.735
3036,15201,15.728
3037,15206,15.721
3038,15211,15.714
3039,15216,15.707
3040,15221,15.7
3041,15226,15.693
3042,15232,15.684
3043,15237,15.677
3044,15242,15.67
3045,15247,15.663
3046,15252,15.656
3047,15257,15.649
3048,15262,15.642
3049,15268,15.634
3050,15273,15.627
3051,15278,15.62
3052,15283,15.612
3053,15288,15.605
3054,15293,15.598
3055,15298,15.591
3056,15303,15.584
3057,15308,15.577
3058,15313,15.57
3059,15318,15.563
3060,15323,15.556
3061,15329,15.548
3062,15334,15.541
3063,15339,15.534
3064,15344,15.527
3065,15349,15.52
3066,15354,15.513
3067,15359,15.506
3068,15364,15.499
3069,15369,15.492
3070,15374,15.485
3071,15379,15.478
3072,15384,15.471
3073,15389,15.464
3074,15394,15.457
3075,15399,15.45
3076,15404,15.443
3077,15409,15.436
3078,15414,15.429
3079,15419,15.422
3080,15424,15.415
3081,15429,15.408
3082,15434,15.401
3083,15439,15.394
3084,15444,15.387
3085,15449,15.38
3086,15454,15.373
3087,15459,15.366
3088,15464,15.359
3089,15469,15.353
3090,15474,15.346
3091,15479,15.339
3092,15485,15.33
3093,15490,15.323
3094,15495,15.316
3095,15500,15.31
3096,15505,15.303
3097,15510,15.296
3098,15515,15.289
3099,15520,15.282
3100,15525,15.275
3101,15530,15.268
3102,15535,15.261
3103,15540,15.254
3104,15545,15.247
3105,15550,15.24
3106,15555,15.234
3107,15560,15.227
3108,15565,15.22
3109,15570,15.213
3110,15575,15.206
3111,15580,15.199
3112,15585,15.192
3113,15590,15.185
3114,15595,15.178
3115,15600,15.172
3116,15605,15.165
3117,15610,15.158
3118,15615,15.151
3119,15620,15.144
3120,15625,15.137
3121,15630,15.13
3122,15635,15.123
3123,15640,15.117
3124,15645,15.11
3125,15650,15.103
3126,15655,15.096
3127,15660,15.089
3128,15665,15.082
3129,15670,15.076
3130,15675,15.069
3131,15680,15.062
3132,15685,15.055
3133,15690,15.048
3134,15695,15.041
3135,15700,15.035
3136,15705,15.028
3137,15710,15.021
3138,15715,15.014
3139,15720,15.007
3140,15725,15
3141,15730,14.994
3142,15735,14.987
3143,15740,14.98
3144,15745,14.973
3145,15750,14.966
3146,15755,14.96
3147,15760,14.953
3148,15765,14.946
3149,15769,14.941
3150,15774,14.934
3151,15779,14.927
3152,15784,14.92
3153,15789,14.913
3154,15794,14.907
3155,15799,14.9
3156,15804,14.893
3157,15809,14.886
3158,15814,14.88
3159,15819,14.873
3160,15824,14.866
3161,15829,14.859
3162,15834,14.852
3163,15839,14.846
3164,15844,14.839
3165,15849,14.832
3166,15854,14.825
3167,15859,14.819
3168,15864,14.812
3169,15869,14.805
3170,15874,14.798
3171,15879,14.792
3172,15884,14.785
3173,15889,14.778
3174,15894,14.772
3175,15899,14.765
3176,15904,14.758
3177,15909,14.751
3178,15914,14.745
3179,15919,14.738
3180,15924,14.731
3181,15929,14.724
3182,15934,14.718
3183,15939,14.711
3184,15944,14.704
3185,15949,14.698
3186,15954,14.691
3187,15959,14.684
3188,15964,14.678
3189,15969,14.671
3190,15974,14.664
3191,15979,14.657
3192,15984,14.651
3193,15989,14.644
3194,15994,14.637
3195,15999,14.631
3196,16004,14.624
3197,16009,14.617
3198,16014,14.611
3199,16020,14.603
3200,16025,14.596
3201,16030,14.589
3202,16035,14.583
3203,16040,14.576
3204,16045,14.569
3205,16050,14.563
3206,16055,14.556
3207,16060,14.549
3208,16065,14.543
3209,16070,14.536
3210,16075,14.529
3211,16080,14.523
3212,16085,14.516
3213,16090,14.51
3214,16095,14.503
3215,16100,14.496
3216,16105,14.49
3217,16110,14.483
3218,16115,14.476
3219,16120,14.47
3220,16125,14.463
3221,16130,14.456
3222,16135,14.45
3223,16140,14.443
3224,16145,14.437
3225,16150,14.43
3226,16155,14.423
3227,16160,14.417
3228,16165,14.41
3229,16170,14.404
3230,16175,14.397
3231,16180,14.39
3232,16185,14.384
3233,16190,14.377
3234,16195,14.371
3235,16200,14.364
3236,16205,14.357
3237,16210,14.351
3238,16215,14.344
3239,16220,14.338
3240,16225,14.331
3241,16230,14.325
3242,16235,14.318
3243,16240,14.311
3244,16245,14.305
3245,16250,14.298
3246,16255,14.292
3247,16260,14.285
3248,16265,14.279
3249,16271,14.271
3250,16276,14.264
3251,16281,14.258
3252,16286,14.251
3253,16291,14.245
3254,16296,14.238
3255,16301,14.231
3256,16306,14.225
3257,16311,14.218
3258,16316,14.212
3259,16321,14.205
3260,16326,14.199
3261,16331,14.192
3262,16336,14.186
3263,16341,14.179
3264,16346,14.173
3265,16351,14.166
3266,16356,14.16
3267,16361,14.153
3268,16366,14.147
3269,16371,14.14
3270,16376,14.134
3271,16381,14.127
3272,16386,14.121
3273,16391,14.114
3274,16396,14.108
3275,16401,14.101
3276,16406,14.095
3277,16412,14.087
3278,16417,14.08
3279,16422,14.074
3280,16427,14.067
3281,16432,14.061
3282,16437,14.054
3283,16442,14.048
3284,16447,14.041
3285,16452,14.035
3286,16458,14.027
3287,16463,14.021
3288,16468,14.014
3289,16473,14.008
3290,16478,14.001
3291,16483,13.995
3292,16488,13.988
3293,16493,13.982
3294,16498,13.975
3295,16503,13.969
3296,16508,13.963
3297,16513,13.956
3298,16518,13.95
3299,16524,13.942
3300,16529,13.935
3301,16534,13.929
3302,16539,13.923
3303,16544,13.916
3304,16549,13.91
3305,16554,13.903
3306,16559,13.897
3307,16564,13.89
3308,16569,13.884
3309,16574,13.878
3310,16579,13.871
3311,16584,13.865
3312,16589,13.858
3313,16594,13.852
3314,16599,13.846
3315,16604,13.839
3316,16609,13.833
3317,16614,13.826
3318,16619,13.82
3319,16624,13.814
3320,16629,13.807
3321,16634,13.801
3322,16639,13.794
3323,16644,13.788
3324,16649,13.782
3325,16654,13.775
3326,16659,13.769
3327,16664,13.762
3328,16669,13.756
3329,16674,13.75
3330,16679,13.743
3331,16684,13.737
3332,16689,13.731
3333,16694,13.724
3334,16699,13.718
3335,16704,13.711
3336,16709,13.705
3337,16714,13.699
3338,16719,13.692
3339,16724,13.686
3340,16729,13.68
3341,16734,13.673
3342,16739,13.667
3343,16744,13.661
3344,16749,13.654
3345,16754,13.648
3346,16759,13.642
3347,16764,13.635
3348,16769,13.629
3349,16774,13.623
3350,16779,13.616
3351,16784,13.61
3352,16789,13.604
3353,16794,13.597
3354,16799,13.591
3355,16804,13.585
3356,16809,13.578
3357,16814,13.572
3358,16819,13.566
3359,16824,13.559
3360,16829,13.553
3361,16834,13.547
3362,16840,13.539
3363,16845,13.533
3364,16850,13.527
3365,16855,13.52
3366,16860,13.514
3367,16865,13.508
3368,16870,13.501
3369,16875,13.495
3370,16880,13.489
3371,16885,13.483
3372,16890,13.476
3373,16895,13.47
3374,16900,13.464
3375,16905,13.457
3376,16910,13.451
3377,16915,13.445
3378,16920,13.439
3379,16925,13.432
3380,16930,13.426
3381,16935,13.42
3382,16940,13.414
3383,16945,13.407
3384,16950,13.401
3385,16956,13.394
3386,16961,13.387
3387,16966,13.381
3388,16971,13.375
3389,16977,13.367
3390,16982,13.361
3391,16987,13.355
3392,16992,13.349
3393,16997,13.342
3394,17002,13.336
3395,17007,13.33
3396,17012,13.324
3397,17017,13.317
3398,17022,13.311
3399,17027,13.305
3400,17032,13.299
3401,17037,13.292
3402,17042,13.286
3403,17047,13.28
3404,17052,13.274
3405,17057,13.268
3406,17062,13.261
3407,17067,13.255
3408,17072,13.249
3409,17077,13.243
3410,17082,13.237
3411,17087,13.23
3412,17092,13.224
3413,17097,13.218
3414,17102,13.212
3415,17107,13.206
3416,17112,13.199
3417,17117,13.193
3418,17122,13.187
3419,17127,13.181
3420,17132,13.175
3421,17137,13.168
3422,17142,13.162
3423,17147,13.156
3424,17152,13.15
3425,17157,13.144
3426,17162,13.138
3427,17167,13.131
3428,17172,13.125
3429,17177,13.119
3430,17182,13.113
3431,17187,13.107
3432,17192,13.101
3433,17197,13.094
3434,17202,13.088
3435,17207,13.082
3436,17212,13.076
3437,17217,13.07
3438,17222,13.064
3439,17227,13.057
3440,17232,13.051
3441,17237,13.045
3442,17242,13.039
3443,17247,13.033
3444,17252,13.027
3445,17257,13.021
3446,17262,13.015
3447,17267,13.008
3448,17272,13.002
3449,17278,12.995
3450,17283,12.989
3451,17288,12.983
3452,17293,12.977
3453,17298,12.97
3454,17303,12.964
3455,17308,12.958
3456,17313,12.952
3457,17318,12.946
3458,17323,12.94
3459,17328,12.934
3460,17333,12.928
3461,17338,12.922
3462,17343,12.915
3463,17348,12.909
3464,17353,12.903
3465,17358,12.897
3466,17363,12.891
3467,17368,12.885
3468,17373,12.879
3469,17378,12.873
3470,17383,12.867
3471,17388,12.861
3472,17393,12.855
3473,17398,12.849
3474,17403,12.842
3475,17408,12.836
3476,17413,12.83
3477,17418,12.824
3478,17422,12.819
3479,17427,12.813
3480,17432,12.807
3481,17437,12.801
3482,17442,12.795
3483,17447,12.789
3484,17452,12.783
3485,17457,12.777
3486,17462,12.771
3487,17467,12.765
3488,17472,12.759
3489,17477,12.753
3490,17482,12.747
3491,17487,12.741
3492,17492,12.735
3493,17496,12.73
3494,17501,12.724
3495,17506,12.718
3496,17511,12.712
3497,17516,12.706
3498,17521,12.7
3499,17526,12.694
3500,17531,12.688
3501,17536,12.682
3502,17541,12.676
3503,17546,12.67
3504,17551,12.664
3505,17556,12.657
3506,17561,12.651
3507,17566,12.645
3508,17571,12.639
3509,17576,12.633
3510,17580,12.629
3511,17584,12.624
3512,17588,12.619
3513,17592,12.614
3514,17597,12.608
3515,17602,12.602
3516,17606,12.597
3517,17611,12.591
3518,17616,12.585
3519,17620,12.581
3520,17625,12.575
3521,17630,12.569
3522,17635,12.563
3523,17640,12.557
3524,17645,12.551
3525,17650,12.545
3526,17655,12.539
3527,17660,12.533
3528,17666,12.526
3529,17671,12.52
3530,17676,12.514
3531,17681,12.508
3532,17686,12.502
3533,17691,12.496
3534,17696,12.49
3535,17701,12.484
3536,17706,12.478
3537,17711,12.472
3538,17716,12.466
3539,17721,12.46
3540,17726,12.454
3541,17731,12.448
3542,17736,12.442
3543,17741,12.436
3544,17746,12.43
3545,17751,12.424
3546,17756,12.418
3547,17762,12.411
3548,17767,12.405
3549,17772,12.399
3550,17777,12.394
3551,17782,12.388
3552,17787,12.382
3553,17792,12.376
3554,17797,12.37
3555,17802,12.364
3556,17807,12.358
3557,17812,12.352
3558,17817,12.346
3559,17822,12.34
3560,17827,12.334
3561,17832,12.328
3562,17837,12.323
3563,17842,12.317
3564,17847,12.311
3565,17852,12.305
3566,17857,12.299
3567,17862,12.293
3568,17867,12.287
3569,17873,12.28
3570,17878,12.274
3571,17883,12.268
3572,17888,12.262
3573,17893,12.256
3574,17898,12.251
3575,17903,12.245
3576,17908,12.239
3577,17913,12.233
3578,17918,12.227
3579,17923,12.221
3580,17928,12.215
3581,17933,12.209
3582,17938,12.204
3583,17943,12.198
3584,17948,12.192
3585,17953,12.186
3586,17958,12.18
3587,17963,12.174
3588,17968,12.168
3589,17973,12.163
3590,17978,12.157
3591,17983,12.151
3592,17988,12.145
3593,17993,12.139
3594,17998,12.133
3595,18003,12.127
3596,18008,12.122
3597,18013,12.116
3598,18018,12.11
3599,18022,12.105
3600,18027,12.099
3601,18032,12.094
3602,18037,12.088
3603,18042,12.082
3604,18047,12.076
3605,18052,12.07
3606,18057,12.064
3607,18062,12.059
3608,18067,12.053
3609,18072,12.047
3610,18077,12.041
3611,18082,12.035
3612,18087,12.029
3613,18092,12.024
3614,18097,12.018
3615,18102,12.012
3616,18107,12.006
3617,18112,12
3618,18117,11.995
3619,18122,11.989
3620,18127,11.983
3621,18132,11.977
3622,18137,11.971
3623,18142,11.966
3624,18146,11.961
3625,18151,11.955
3626,18156,11.949
3627,18161,11.944
3628,18166,11.938
3629,18171,11.932
3630,18176,11.926
3631,18181,11.921
3632,18186,11.915
3633,18191,11.909
3634,18196,11.903
3635,18201,11.897
3636,18205,11.893
3637,18210,11.887
3638,18215,11.881
3639,18220,11.875
3640,18225,11.87
3641,18230,11.864
3642,18235,11.858
3643,18240,11.852
3644,18245,11.847
3645,18250,11.841
3646,18255,11.835
3647,18260,11.829
3648,18265,11.824
3649,18269,11.819
3650,18274,11.813
3651,18279,11.808
3652,18284,11.802
3653,18289,11.796
3654,18294,11.79
3655,18299,11.785
3656,18304,11.779
3657,18309,11.773
3658,18314,11.767
3659,18319,11.762
3660,18324,11.756
3661,18329,11.75
3662,18334,11.744
3663,18339,11.739
3664,18344,11.733
3665,18349,11.727
3666,18354,11.722
3667,18359,11.716
3668,18364,11.71
3669,18369,11.704
3670,18374,11.699
3671,18379,11.693
3672,18384,11.687
3673,18389,11.682
3674,18394,11.676
3675,18399,11.67
3676,18404,11.664
3677,18409,11.659
3678,18414,11.653
3679,18419,11.647
3680,18424,11.642
3681,18429,11.636
3682,18434,11.63
3683,18439,11.625
3684,18444,11.619
3685,18449,11.613
3686,18454,11.608
3687,18459,11.602
3688,18464,11.596
3689,18469,11.59
3690,18474,11.585
3691,18479,11.579
3692,18484,11.573
3693,18489,11.568
3694,18494,11.562
3695,18499,11.556
3696,18504,11.551
3697,18509,11.545
3698,18514,11.539
3699,18518,11.535
3700,18523,11.529
3701,18528,11.524
3702,18533,11.518
3703,18538,11.512
3704,18543,11.507
3705,18548,11.501
3706,18553,11.495
3707,18558,11.49
3708,18563,11.484
3709,18568,11.478
3710,18573,11.473
3711,18578,11.467
3712,18583,11.461
3713,18588,11.456
3714,18593,11.45
3715,18598,11.445
3716,18603,11.439
3717,18608,11.433
3718,18613,11.428
3719,18618,11.422
3720,18623,11.416
3721,18628,11.411
3722,18633,11.405
3723,18638,11.4
3724,18643,11.394
3725,18648,11.388
3726,18653,11.383
3727,18658,11.377
3728,18663,11.371
3729,18668,11.366
3730,18673,11.36
3731,18678,11.355
3732,18683,11.349
3733,18688,11.343
3734,18693,11.338
3735,18698,11.332
3736,18703,11.327
3737,18708,11.321
3738,18713,11.315
3739,18718,11.31
3740,18723,11.304
3741,18728,11.299
3742,18733,11.293
3743,18738,11.287
3744,18743,11.282
3745,18748,11.276
3746,18753,11.271
3747,18758,11.265
3748,18763,11.26
3749,18768,11.254
3750,18773,11.248
3751,18778,11.243
3752,18783,11.237
3753,18788,11.232
3754,18793,11.226
3755,18798,11.221
3756,18803,11.215
3757,18808,11.209
3758,18813,11.204
3759,18818,11.198
3760,18823,11.193
3761,18828,11.187
3762,18833,11.182
3763,18838,11.176
3764,18843,11.171
3765,18848,11.165
3766,18853,11.159
3767,18858,11.154
3768,18863,11.148
3769,18868,11.143
3770,18873,11.137
3771,18878,11.132
3772,18883,11.126
3773,18888,11.121
3774,18893,11.115
3775,18898,11.11
3776,18903,11.104
3777,18908,11.098
3778,18913,11.093
3779,18918,11.087
3780,18923,11.082
3781,18928,11.076
3782,18933,11.071
3783,18938,11.065
3784,18943,11.06
3785,18948,11.054
3786,18953,11.049
3787,18958,11.043
3788,18963,11.038
3789,18968,11.032
3790,18973,11.027
3791,18978,11.021
3792,18983,11.016
3793,18988,11.01
3794,18993,11.005
3795,18998,10.999
3796,19003,10.994
3797,19008,10.988
3798,19013,10.983
3799,19018,10.977
3800,19023,10.972
3801,19028,10.966
3802,19033,10.961
3803,19038,10.955
3804,19043,10.95
3805,19048,10.944
3806,19053,10.939
3807,19058,10.933
3808,19063,10.928
3809,19068,10.922
3810,19073,10.917
3811,19078,10.911
3812,19083,10.906
3813,19088,10.9
3814,19093,10.895
3815,19098,10.89
3816,19103,10.884
3817,19108,10.879
3818,19113,10.873
3819,19118,10.868
3820,19123,10.862
3821,19128,10.857
3822,19133,10.851
3823,19138,10.846
3824,19143,10.84
3825,19148,10.835
3826,19153,10.83
3827,19158,10.824
3828,19163,10.819
3829,19168,10.813
3830,19173,10.808
3831,19178,10.802
3832,19183,10.797
3833,19188,10.791
3834,19193,10.786
3835,19198,10.781
3836,19203,10.775
3837,19208,10.77
3838,19213,10.764
3839,19218,10.759
3840,19223,10.753
3841,19228,10.748
3842,19233,10.743
3843,19238,10.737
3844,19243,10.732
3845,19248,10.726
3846,19253,10.721
3847,19258,10.715
3848,19263,10.71
3849,19268,10.705
3850,19273,10.699
3851,19278,10.694
3852,19283,10.688
3853,19288,10.683
3854,19293,10.678
3855,19298,10.672
3856,19303,10.667
3857,19307,10.662
3858,19312,10.657
3859,19317,10.652
3860,19322,10.646
3861,19327,10.641
3862,19332,10.635
3863,19337,10.63
3864,19342,10.625
3865,19347,10.619
3866,19352,10.614
3867,19357,10.608
3868,19362,10.603
3869,19366,10.599
3870,19371,10.593
3871,19376,10.588
3872,19381,10.583
3873,19386,10.577
3874,19391,10.572
3875,19396,10.567
3876,19401,10.561
3877,19406,10.556
3878,19411,10.55
3879,19416,10.545
3880,19421,10.54
3881,19426,10.534
3882,19431,10.529
3883,19436,10.524
3884,19441,10.518
3885,19445,10.514
3886,19450,10.509
3887,19455,10.503
3888,19460,10.498
3889,19465,10.493
3890,19470,10.487
3891,19475,10.482
3892,19480,10.476
3893,19485,10.471
3894,19490,10.466
3895,19495,10.46
3896,19499,10.456
3897,19504,10.451
3898,19509,10.446
3899,19514,10.44
3900,19519,10.435
3901,19524,10.43
3902,19529,10.424
3903,19534,10.419
3904,19539,10.414
3905,19544,10.408
3906,19549,10.403
3907,19554,10.398
3908,19559,10.392
3909,19564,10.387
3910,19569,10.382
3911,19574,10.376
3912,19579,10.371
3913,19584,10.366
3914,19589,10.36
3915,19594,10.355
3916,19599,10.35
3917,19604,10.344
3918,19609,10.339
3919,19614,10.334
3920,19619,10.328
3921,19624,10.323
3922,19629,10.318
3923,19634,10.313
3924,19639,10.307
3925,19644,10.302
3926,19649,10.297
3927,19654,10.291
3928,19659,10.286
3929,19664,10.281
3930,19669,10.276
3931,19674,10.27
3932,19679,10.265
3933,19684,10.26
3934,19689,10.254
3935,19694,10.249
3936,19699,10.244
3937,19704,10.239
3938,19709,10.233
3939,19714,10.228
3940,19719,10.223
3941,19724,10.217
3942,19729,10.212
3943,19734,10.207
3944,19739,10.202
3945,19744,10.196
3946,19749,10.191
3947,19754,10.186
3948,19759,10.181
3949,19763,10.176
3950,19767,10.172
3951,19772,10.167
3952,19777,10.162
3953,19782,10.156
3954,19787,10.151
3955,19792,10.146
3956,19797,10.141
3957,19802,10.135
3958,19807,10.13
3959,19812,10.125
3960,19817,10.12
3961,19822,10.114
3962,19827,10.109
3963,19832,10.104
3964,19837,10.099
3965,19842,10.093
3966,19847,10.088
3967,19852,10.083
3968,19857,10.078
3969,19862,10.073
3970,19867,10.067
3971,19871,10.063
3972,19876,10.058
3973,19881,10.053
3974,19886,10.047
3975,19891,10.042
3976,19896,10.037
3977,19901,10.032
3978,19906,10.027
3979,19911,10.021
3980,19916,10.016
3981,19921,10.011
3982,19926,10.006
3983,19931,10
3984,19936,9.9953
3985,19941,9.9901
3986,19946,9.9848
3987,19951,9.9796
3988,19956,9.9744
3989,19961,9.9692
3990,19966,9.964
3991,19971,9.9588
3992,19976,9.9536
3993,19981,9.9484
3994,19986,9.9433
3995,19991,9.9381
3996,19996,9.9329
3997,20001,9.9277
3998,20006,9.9225
3999,20011,9.9173
4000,20015,9.9132
4001,20020,9.908
4002,20025,9.9028
4003,20030,9.8976
4004,20035,9.8924
4005,20040,9.8872
4006,20045,9.8821
4007,20050,9.8769
4008,20055,9.8717
4009,20060,9.8666
4010,20065,9.8614
4011,20070,9.8562
4012,20075,9.851
4013,20079,9.8469
4014,20084,9.8417
4015,20089,9.8366
4016,20094,9.8314
4017,20099,9.8263
4018,20104,9.8211
4019,20109,9.8159
4020,20113,9.8118
4021,20118,9.8067
4022,20123,9.8015
4023,20128,9.7963
4024,20133,9.7912
4025,20138,9.786
4026,20143,9.7809
4027,20148,9.7758
4028,20153,9.7706
4029,20158,9.7655
4030,20163,9.7603
4031,20168,9.7552
4032,20173,9.75
4033,20178,9.7449
4034,20183,9.7398
4035,20188,9.7346
4036,20193,9.7295
4037,20198,9.7244
4038,20203,9.7192
4039,20208,9.7141
4040,20213,9.709
4041,20218,9.7038
4042,20223,9.6987
4043,20228,9.6936
4044,20233,9.6885
4045,20238,9.6834
4046,20243,9.6782
4047,20248,9.6731
4048,20253,9.668
4049,20258,9.6629
4050,20263,9.6578
4051,20267,9.6537
4052,20272,9.6486
4053,20277,9.6435
4054,20282,9.6383
4055,20287,9.6332
4056,20292,9.6281
4057,20297,9.623
4058,20302,9.6179
4059,20307,9.6128
4060,20312,9.6077
4061,20317,9.6026
4062,20322,9.5975
4063,20327,9.5924
4064,20332,9.5873
4065,20337,9.5822
4066,20342,9.5772
4067,20347,9.5721
4068,20352,9.567
4069,20357,9.5619
4070,20362,9.5568
4071,20367,9.5517
4072,20372,9.5466
4073,20377,9.5416
4074,20382,9.5365
4075,20387,9.5314
4076,20392,9.5263
4077,20397,9.5212
4078,20402,9.5162
4079,20406,9.5121
4080,20406,9.5121
4081,20406,9.5121
4082,20406,9.5121
4083,20406,9.5121
4084,20406,9.5121
4085,20406,9.5121
4086,20406,9.5121
4087,20406,9.5121
4088,20406,9.5121
4089,20406,9.5121
4090,20406,9.5121
4091,20406,9.5121
4092,20406,9.5121
4093,20406,9.5121
4094,20406,9.5121
4095,20406,9.5121
